Species,Max Lifespan,Source
Chrysochloris_asiatica,Unknown,https://animaldiversity.org/accounts/Chrysochloris_asiatica
Dugong_dugon,73.0,https://genomics.senescence.info/species/biblio.php?id=671
Echinops_telfairi,19.0,https://genomics.senescence.info/species/biblio.php?id=671
Elephantulus_edwardii,Unknown,https://animaldiversity.org/accounts/Elephantulus_edwardii
Elephas_maximus,79.6,https://genomics.senescence.info/species/biblio.php?id=1192
Heterohyrax_brucei,Unknown,https://animaldiversity.org/accounts/Heterohyrax_brucei
Hydrodamalis_gigas,Unknown,https://animaldiversity.org/accounts/Hydrodamalis_gigas
Loxodonta_africana,65.0,https://animaldiversity.org/accounts/Loxodonta_africana
Microgale_talazaci,5.8,https://genomics.senescence.info/species/biblio.php?id=434
Orycteropus_afer,29.8,https://genomics.senescence.info/species/biblio.php?id=671
Procavia_capensis,14.8,https://genomics.senescence.info/species/biblio.php?id=671
Trichechus_manatus,69.0,https://genomics.senescence.info/species/biblio.php?id=1302
Acinonyx_jubatus,20.5,https://genomics.senescence.info/species/biblio.php?id=671
Ailuropoda_melanoleuca,36.8,https://genomics.senescence.info/species/biblio.php?id=671
Ailurus_fulgens,19.0,https://genomics.senescence.info/species/biblio.php?id=671
Aonyx_cinereus,23.0,https://genomics.senescence.info/species/biblio.php?id=671
Arctocephalus_gazella,25.0,https://animaldiversity.org/accounts/Arctocephalus_gazella
Bassariscus_astutus,19.0,https://genomics.senescence.info/species/biblio.php?id=671
Bassariscus_sumichrasti,24.0,https://genomics.senescence.info/species/biblio.php?id=671
Callorhinus_ursinus,26.0,https://animaldiversity.org/accounts/Callorhinus_ursinus
Canis_lupus,20.6,https://genomics.senescence.info/species/biblio.php?id=671
Chrysocyon_brachyurus,16.8,https://genomics.senescence.info/species/biblio.php?id=671
Crocuta_crocuta,41.1,https://genomics.senescence.info/species/biblio.php?id=671
Cryptoprocta_ferox,23.1,https://genomics.senescence.info/species/biblio.php?id=671
Enhydra_lutris,27.0,https://genomics.senescence.info/species/biblio.php?id=671
Erignathus_barbatus,31.0,https://animaldiversity.org/accounts/Erignathus_barbatus
Eumetopias_jubatus,32.8,https://genomics.senescence.info/species/biblio.php?id=671
Felis_catus,30.0,https://genomics.senescence.info/species/entry.php?species=Felis_catus
Felis_nigripes,15.6,https://genomics.senescence.info/species/biblio.php?id=671
Gulo_gulo,19.5,https://genomics.senescence.info/species/biblio.php?id=671
Halichoerus_grypus,42.9,https://genomics.senescence.info/species/biblio.php?id=671
Helarctos_malayanus,35.9,https://genomics.senescence.info/species/biblio.php?id=671
Helogale_parvula,20.0,https://genomics.senescence.info/species/biblio.php?id=1306
Hyaena_hyaena,25.0,https://genomics.senescence.info/species/biblio.php?id=671
Leptonychotes_weddellii,Unknown,https://animaldiversity.org/accounts/Leptonychotes_weddellii
Lontra_canadensis,27.0,https://genomics.senescence.info/species/biblio.php?id=671
Lutra_lutra,18.2,https://genomics.senescence.info/species/biblio.php?id=671
Lycaon_pictus,17.0,https://genomics.senescence.info/species/biblio.php?id=671
Lynx_canadensis,26.8,https://genomics.senescence.info/species/biblio.php?id=671
Lynx_pardinus,13.0,https://animaldiversity.org/accounts/Lynx_pardinus
Martes_zibellina,18.4,https://genomics.senescence.info/species/biblio.php?id=671
Mellivora_capensis,31.3,https://genomics.senescence.info/species/biblio.php?id=671
Mirounga_angustirostris,18.0,https://animaldiversity.org/accounts/Mirounga_angustirostris
Mirounga_leonina,20.0,https://animaldiversity.org/accounts/Mirounga_leonina
Mungos_mungo,17.4,https://genomics.senescence.info/species/biblio.php?id=671
Mustela_erminea,12.5,https://genomics.senescence.info/species/biblio.php?id=671
Mustela_putorius,11.1,https://genomics.senescence.info/species/biblio.php?id=671
Nasua_narica,26.4,https://genomics.senescence.info/species/biblio.php?id=671
Neofelis_nebulosa,19.8,https://genomics.senescence.info/species/biblio.php?id=671
Neomonachus_schauinslandi,Unknown,
Neovison_vison,11.4,https://genomics.senescence.info/species/biblio.php?id=671
Odobenus_rosmarus,40.0,https://animaldiversity.org/accounts/Odobenus_rosmarus
Panthera_leo,28.0,https://genomics.senescence.info/species/biblio.php?id=1306
Panthera_onca,28.0,https://genomics.senescence.info/species/biblio.php?id=671
Panthera_pardus,27.3,https://genomics.senescence.info/species/biblio.php?id=671
Panthera_tigris,26.3,https://genomics.senescence.info/species/biblio.php?id=671
Panthera_uncia,Unknown,
Paradoxurus_hermaphroditus,24.5,https://genomics.senescence.info/species/biblio.php?id=671
Phoca_largha,35.0,https://animaldiversity.org/accounts/Phoca_largha
Phoca_vitulina,47.6,https://genomics.senescence.info/species/biblio.php?id=671
Potos_flavus,38.4,https://genomics.senescence.info/species/biblio.php?id=671
Prionailurus_bengalensis,17.0,https://genomics.senescence.info/species/biblio.php?id=671
Procyon_lotor,21.0,https://genomics.senescence.info/species/biblio.php?id=671
Pteronura_brasiliensis,17.3,https://genomics.senescence.info/species/biblio.php?id=671
Puma_concolor,27.0,https://genomics.senescence.info/species/biblio.php?id=1306
Puma_yagouaroundi,18.6,https://genomics.senescence.info/species/biblio.php?id=671
Spilogale_gracilis,Unknown,https://animaldiversity.org/accounts/Spilogale_gracilis
Suricata_suricatta,20.6,https://genomics.senescence.info/species/biblio.php?id=671
Taxidea_taxus,25.0,https://genomics.senescence.info/species/biblio.php?id=671
Ursus_americanus,34.0,https://genomics.senescence.info/species/biblio.php?id=671
Ursus_arctos,40.0,https://genomics.senescence.info/species/biblio.php?id=671
Ursus_maritimus,43.8,https://genomics.senescence.info/species/biblio.php?id=671
Ursus_thibetanus,39.2,https://genomics.senescence.info/species/biblio.php?id=671
Vulpes_lagopus,16.3,https://genomics.senescence.info/species/biblio.php?id=671
Vulpes_vulpes,21.3,https://genomics.senescence.info/species/biblio.php?id=671
Zalophus_californianus,35.7,https://genomics.senescence.info/species/biblio.php?id=671
Aeorestes_cinereus,Unknown,
Anoura_caudifer,Unknown,https://animaldiversity.org/accounts/Anoura_caudifer
Antrozous_pallidus,14.8,https://genomics.senescence.info/species/biblio.php?id=671
Artibeus_jamaicensis,19.2,https://genomics.senescence.info/species/biblio.php?id=671
Carollia_perspicillata,17.0,https://genomics.senescence.info/species/biblio.php?id=671
Craseonycteris_thonglongyai,Unknown,https://animaldiversity.org/accounts/Craseonycteris_thonglongyai
Cynopterus_brachyotis,10.1,https://genomics.senescence.info/species/biblio.php?id=671
Eidolon_dupreanum,Unknown,https://animaldiversity.org/accounts/Eidolon_dupreanum
Eidolon_helvum,21.8,https://genomics.senescence.info/species/biblio.php?id=671
Eonycteris_spelaea,Unknown,https://animaldiversity.org/accounts/Eonycteris_spelaea
Eptesicus_fuscus,19.0,https://genomics.senescence.info/species/biblio.php?id=424
Hipposideros_armiger,Unknown,https://animaldiversity.org/accounts/Hipposideros_armiger
Hipposideros_galeritus,Unknown,https://animaldiversity.org/accounts/Hipposideros_galeritus
Lasiurus_borealis,Unknown,https://animaldiversity.org/accounts/Lasiurus_borealis
Leptonycteris_yerbabuenae,Unknown,https://animaldiversity.org/accounts/Leptonycteris_yerbabuenae
Macroglossus_sobrinus,Unknown,https://animaldiversity.org/accounts/Macroglossus_sobrinus
Macrotus_californicus,17.0,https://genomics.senescence.info/species/biblio.php?id=671
Megaderma_lyra,14.0,https://genomics.senescence.info/species/biblio.php?id=424
Micronycteris_hirsuta,Unknown,https://animaldiversity.org/accounts/Micronycteris_hirsuta
Miniopterus_natalensis,Unknown,https://animaldiversity.org/accounts/Miniopterus_natalensis
Miniopterus_schreibersii,22.0,https://genomics.senescence.info/species/biblio.php?id=424
Molossus_molossus,5.6,https://genomics.senescence.info/species/biblio.php?id=1283
Mormoops_blainvillei,Unknown,https://animaldiversity.org/accounts/Mormoops_blainvillei
Murina_aurata,Unknown,https://animaldiversity.org/accounts/Murina_aurata
Myotis_brandtii,41.0,https://genomics.senescence.info/species/biblio.php?id=424
Myotis_davidii,Unknown,https://animaldiversity.org/accounts/Myotis_davidii
Myotis_lucifugus,34.0,https://genomics.senescence.info/species/biblio.php?id=424
Myotis_myotis,37.1,https://genomics.senescence.info/species/biblio.php?id=970
Myotis_septentrionalis,Unknown,https://animaldiversity.org/accounts/Myotis_septentrionalis
Noctilio_leporinus,11.8,https://genomics.senescence.info/species/biblio.php?id=671
Nycticeius_humeralis,6.0,https://genomics.senescence.info/species/biblio.php?id=424
Phyllostomus_discolor,9.0,https://genomics.senescence.info/species/biblio.php?id=424
Pipistrellus_kuhlii,8.0,https://genomics.senescence.info/species/biblio.php?id=424
Pipistrellus_pipistrellus,Unknown,https://animaldiversity.org/accounts/Pipistrellus_pipistrellus
Pteronotus_parnellii,Unknown,https://animaldiversity.org/accounts/Pteronotus_parnellii
Pteropus_alecto,20.3,https://genomics.senescence.info/species/biblio.php?id=1305
Pteropus_giganteus,44.0,https://genomics.senescence.info/species/entry.php?species=Pteropus_giganteus
Pteropus_pselaphon,16.7,https://genomics.senescence.info/species/biblio.php?id=671
Pteropus_rufus,Unknown,https://animaldiversity.org/accounts/Pteropus_rufus
Pteropus_vampyrus,20.9,https://genomics.senescence.info/species/biblio.php?id=671
Rhinolophus_ferrumequinum,30.5,https://genomics.senescence.info/species/biblio.php?id=1
Rhinolophus_sinicus,Unknown,https://animaldiversity.org/accounts/Rhinolophus_sinicus
Rousettus_aegyptiacus,22.9,https://genomics.senescence.info/species/biblio.php?id=424
Rousettus_leschenaultii,14.0,https://genomics.senescence.info/species/biblio.php?id=671
Rousettus_madagascariensis,Unknown,https://animaldiversity.org/accounts/Rousettus_madagascariensis
Sturnira_hondurensis,Unknown,
Tadarida_brasiliensis,12.0,https://genomics.senescence.info/species/biblio.php?id=671
Tonatia_saurophila,Unknown,https://animaldiversity.org/accounts/Tonatia_saurophila
Galeopterus_variegatus,Unknown,
Condylura_cristata,2.5,https://genomics.senescence.info/species/biblio.php?id=671
Erinaceus_europaeus,11.7,https://genomics.senescence.info/species/biblio.php?id=671
Scalopus_aquaticus,6.2,https://genomics.senescence.info/species/biblio.php?id=1405
Solenodon_paradoxus,12.1,https://genomics.senescence.info/species/biblio.php?id=671
Sorex_araneus,3.2,https://genomics.senescence.info/species/biblio.php?id=671
Suncus_etruscus,3.2,https://genomics.senescence.info/species/biblio.php?id=671
Talpa_occidentalis,Unknown,https://animaldiversity.org/accounts/Talpa_occidentalis
Uropsilus_gracilis,Unknown,https://animaldiversity.org/accounts/Uropsilus_gracilis
Lepus_americanus,5.0,https://animaldiversity.org/accounts/Lepus_americanus
Lepus_timidus,18.0,https://genomics.senescence.info/species/biblio.php?id=640
Ochotona_princeps,7.0,https://genomics.senescence.info/species/biblio.php?id=671
Oryctolagus_cuniculus,13.0,https://genomics.senescence.info/species/biblio.php?id=1306
Sylvilagus_bachmani,Unknown,
Antechinus_flavipes,3.9,https://genomics.senescence.info/species/biblio.php?id=671
Didelphis_virginiana,6.6,https://genomics.senescence.info/species/biblio.php?id=671
Dromiciops_gliroides,2.2,https://animaldiversity.org/accounts/Dromiciops_gliroides
Gracilinanus_agilis,6.1,https://genomics.senescence.info/species/biblio.php?id=671
Gymnobelideus_leadbeateri,14.1,https://genomics.senescence.info/species/biblio.php?id=671
Macropus_fuliginosus,23.2,https://genomics.senescence.info/species/biblio.php?id=671
Macropus_giganteus,25.0,https://genomics.senescence.info/species/biblio.php?id=556
Monodelphis_domestica,5.1,https://genomics.senescence.info/species/biblio.php?id=671
Notamacropus_eugenii,Unknown,
Osphranter_rufus,Unknown,
Phalanger_gymnotis,18.9,https://genomics.senescence.info/species/biblio.php?id=671
Phascolarctos_cinereus,22.1,https://genomics.senescence.info/species/biblio.php?id=671
Pseudocheirus_occidentalis,Unknown,
Pseudochirops_corinnae,Unknown,https://animaldiversity.org/accounts/Pseudochirops_corinnae
Pseudochirops_cupreus,Unknown,https://animaldiversity.org/accounts/Pseudochirops_cupreus
Sarcophilus_harrisii,13.0,https://genomics.senescence.info/species/biblio.php?id=671
Thylacinus_cynocephalus,12.6,https://animaldiversity.org/accounts/Thylacinus_cynocephalus
Trichosurus_vulpecula,15.9,https://genomics.senescence.info/species/biblio.php?id=671
Vombatus_ursinus,30.0,https://genomics.senescence.info/species/biblio.php?id=671
Ceratotherium_simum,45.0,https://genomics.senescence.info/species/biblio.php?id=671
Dicerorhinus_sumatrensis,32.8,https://genomics.senescence.info/species/biblio.php?id=671
Diceros_bicornis,57.0,https://genomics.senescence.info/species/biblio.php?id=1380
Equus_asinus,47.0,https://genomics.senescence.info/species/biblio.php?id=671
Equus_burchellii,38.0,https://animaldiversity.org/accounts/Equus_burchellii
Equus_caballus,36.0,https://animaldiversity.org/accounts/Equus_caballus
Equus_przewalskii,Unknown,
Equus_zebra,33.2,https://genomics.senescence.info/species/biblio.php?id=671
Rhinoceros_unicornis,43.5,https://genomics.senescence.info/species/biblio.php?id=671
Tapirus_indicus,30.0,https://animaldiversity.org/accounts/Tapirus_indicus
Tapirus_terrestris,39.6,https://genomics.senescence.info/species/entry.php?species=Tapirus_terrestris
Manis_javanica,Unknown,https://animaldiversity.org/accounts/Manis_javanica
Manis_pentadactyla,Unknown,https://animaldiversity.org/accounts/Manis_pentadactyla
Manis_tricuspis,13.5,https://animaldiversity.org/accounts/Manis_tricuspis
Phataginus_tricuspis,Unknown,
Allenopithecus_nigroviridis,27.0,https://genomics.senescence.info/species/biblio.php?id=671
Alouatta_palliata,24.0,https://genomics.senescence.info/species/biblio.php?id=671
Aotus_nancymaae,Unknown,https://animaldiversity.org/accounts/Aotus_nancymaae
Ateles_geoffroyi,47.1,https://genomics.senescence.info/species/biblio.php?id=671
Callithrix_jacchus,22.8,https://genomics.senescence.info/species/biblio.php?id=671
Callithrix_pygmaea,18.6,https://animaldiversity.org/accounts/Callithrix_pygmaea
Carlito_syrichta,16.0,https://genomics.senescence.info/species/biblio.php?id=671
Cebus_albifrons,40.4,https://genomics.senescence.info/species/biblio.php?id=671
Cebus_capucinus,54.0,https://genomics.senescence.info/species/biblio.php?id=671
Cercocebus_atys,Unknown,https://animaldiversity.org/accounts/Cercocebus_atys
Cercopithecus_mona,30.0,https://genomics.senescence.info/species/biblio.php?id=671
Cercopithecus_neglectus,30.8,https://genomics.senescence.info/species/biblio.php?id=671
Cheirogaleus_medius,29.0,https://genomics.senescence.info/species/biblio.php?id=1301
Chlorocebus_sabaeus,13.0,https://animaldiversity.org/accounts/Chlorocebus_sabaeus
Colobus_angolensis,35.3,https://genomics.senescence.info/species/biblio.php?id=671
Daubentonia_madagascariensis,32.3,https://genomics.senescence.info/species/biblio.php?id=1301
Erythrocebus_patas,30.0,https://genomics.senescence.info/species/biblio.php?id=1306
Eulemur_flavifrons,Unknown,
Eulemur_fulvus,35.5,https://genomics.senescence.info/species/biblio.php?id=671
Eulemur_macaco,37.5,https://genomics.senescence.info/species/entry.php?species=Eulemur_macaco
Eulemur_mongoz,36.2,https://genomics.senescence.info/species/biblio.php?id=671
Gorilla_gorilla,60.1,https://genomics.senescence.info/species/biblio.php?id=1151
Hylobates_moloch,45.0,https://genomics.senescence.info/species/biblio.php?id=671
Indri_indri,Unknown,https://animaldiversity.org/accounts/Indri_indri
Lemur_catta,37.3,https://genomics.senescence.info/species/biblio.php?id=671
Macaca_fascicularis,39.0,https://genomics.senescence.info/species/biblio.php?id=671
Macaca_fuscata,38.5,https://genomics.senescence.info/species/biblio.php?id=671
Macaca_mulatta,30.0,https://animaldiversity.org/accounts/Macaca_mulatta
Macaca_nemestrina,37.6,https://genomics.senescence.info/species/biblio.php?id=671
Mandrillus_leucophaeus,39.0,https://genomics.senescence.info/species/biblio.php?id=671
Mandrillus_sphinx,40.0,https://genomics.senescence.info/species/biblio.php?id=671
Microcebus_murinus,18.2,https://genomics.senescence.info/species/biblio.php?id=671
Microcebus_sp.,Unknown,
Microcebus_tavaratra,Unknown,https://animaldiversity.org/accounts/Microcebus_tavaratra
Mirza_coquereli,17.4,https://genomics.senescence.info/species/biblio.php?id=671
Mirza_zaza,Unknown,
Nasalis_larvatus,25.1,https://genomics.senescence.info/species/biblio.php?id=671
Nomascus_leucogenys,44.1,https://genomics.senescence.info/species/biblio.php?id=671
Nycticebus_coucang,25.8,https://genomics.senescence.info/species/biblio.php?id=671
Otolemur_garnettii,20.0,https://genomics.senescence.info/species/biblio.php?id=1301
Pan_paniscus,55.0,https://genomics.senescence.info/species/biblio.php?id=671
Pan_troglodytes,59.0,https://animaldiversity.org/accounts/Pan_troglodytes
Papio_anubis,Unknown,https://animaldiversity.org/accounts/Papio_anubis
Piliocolobus_tephrosceles,Unknown,https://animaldiversity.org/accounts/Piliocolobus_tephrosceles
Pithecia_pithecia,36.0,https://genomics.senescence.info/species/biblio.php?id=671
Plecturocebus_donacophilus,25.0,https://genomics.senescence.info/species/biblio.php?id=671
Pongo_abelii,58.0,https://animaldiversity.org/accounts/Pongo_abelii
Pongo_pygmaeus,59.0,https://genomics.senescence.info/species/biblio.php?id=671
Prolemur_simus,17.6,https://genomics.senescence.info/species/biblio.php?id=671
Propithecus_coquereli,30.0,https://animaldiversity.org/accounts/Propithecus_coquereli
Pygathrix_nemaeus,26.0,https://genomics.senescence.info/species/biblio.php?id=671
Rhinopithecus_bieti,Unknown,https://animaldiversity.org/accounts/Rhinopithecus_bieti
Rhinopithecus_roxellana,29.5,https://genomics.senescence.info/species/biblio.php?id=671
Saguinus_imperator,23.7,https://genomics.senescence.info/species/biblio.php?id=671
Saimiri_boliviensis,30.3,https://genomics.senescence.info/species/biblio.php?id=671
Sapajus_apella,46.0,https://genomics.senescence.info/species/biblio.php?id=671
Semnopithecus_entellus,29.0,https://genomics.senescence.info/species/biblio.php?id=671
Symphalangus_syndactylus,43.0,https://genomics.senescence.info/species/biblio.php?id=671
Theropithecus_gelada,36.0,https://genomics.senescence.info/species/biblio.php?id=671
Trachypithecus_francoisi,26.3,https://genomics.senescence.info/species/biblio.php?id=671
Ornithorhynchus_anatinus,22.6,https://genomics.senescence.info/species/biblio.php?id=671
Tachyglossus_aculeatus,49.5,https://genomics.senescence.info/species/biblio.php?id=671
Acomys_cahirinus,5.9,https://genomics.senescence.info/species/biblio.php?id=671
Acomys_dimidiatus,Unknown,https://animaldiversity.org/accounts/Acomys_dimidiatus
Acomys_russatus,Unknown,https://animaldiversity.org/accounts/Acomys_russatus
Allactaga_bullata,Unknown,https://animaldiversity.org/accounts/Allactaga_bullata
Aplodontia_rufa,Unknown,https://animaldiversity.org/accounts/Aplodontia_rufa
Apodemus_sylvaticus,6.3,https://genomics.senescence.info/species/biblio.php?id=671
Arvicanthis_niloticus,6.7,https://genomics.senescence.info/species/biblio.php?id=671
Arvicola_amphibius,2.5,https://genomics.senescence.info/species/biblio.php?id=671
Castor_canadensis,23.4,https://genomics.senescence.info/species/biblio.php?id=671
Cavia_aperea,6.0,https://genomics.senescence.info/species/biblio.php?id=671
Cavia_porcellus,12.0,https://genomics.senescence.info/species/entry.php?species=Cavia_porcellus
Cavia_tschudii,6.3,https://genomics.senescence.info/species/biblio.php?id=671
Chinchilla_lanigera,17.2,https://genomics.senescence.info/species/biblio.php?id=671
Coendou_prehensilis,26.6,https://genomics.senescence.info/species/biblio.php?id=671
Cricetomys_gambianus,8.4,https://genomics.senescence.info/species/biblio.php?id=671
Cricetulus_griseus,Unknown,
Ctenodactylus_gundi,5.8,https://genomics.senescence.info/species/biblio.php?id=671
Ctenomys_sociabilis,Unknown,https://animaldiversity.org/accounts/Ctenomys_sociabilis
Cynomys_gunnisoni,Unknown,https://animaldiversity.org/accounts/Cynomys_gunnisoni
Dasyprocta_punctata,13.8,https://genomics.senescence.info/species/biblio.php?id=671
Dinomys_branickii,12.8,https://genomics.senescence.info/species/biblio.php?id=671
Dipodomys_ordii,9.9,https://genomics.senescence.info/species/biblio.php?id=671
Dipodomys_stephensi,Unknown,https://animaldiversity.org/accounts/Dipodomys_stephensi
Dolichotis_patagonum,14.4,https://genomics.senescence.info/species/biblio.php?id=671
Eliomys_quercinus,5.5,https://genomics.senescence.info/species/biblio.php?id=671
Ellobius_lutescens,Unknown,https://animaldiversity.org/accounts/Ellobius_lutescens
Ellobius_talpinus,6.4,https://genomics.senescence.info/species/biblio.php?id=1411
Erethizon_dorsatum,18.0,https://animaldiversity.org/accounts/Erethizon_dorsatum
Fukomys_damarensis,Unknown,
Glis_glis,8.7,https://genomics.senescence.info/species/biblio.php?id=671
Grammomys_surdaster,Unknown,
Graphiurus_murinus,6.9,https://genomics.senescence.info/species/biblio.php?id=671
Heterocephalus_glaber,31.0,https://genomics.senescence.info/species/entry.php?species=Heterocephalus_glaber
Hydrochoerus_hydrochaeris,15.1,https://genomics.senescence.info/species/biblio.php?id=671
Hystrix_cristata,28.0,https://genomics.senescence.info/species/biblio.php?id=671
Ictidomys_tridecemlineatus,7.9,https://genomics.senescence.info/species/biblio.php?id=671
Jaculus_jaculus,7.3,https://genomics.senescence.info/species/biblio.php?id=671
Marmota_flaviventris,21.2,https://genomics.senescence.info/species/biblio.php?id=671
Marmota_himalayana,Unknown,https://animaldiversity.org/accounts/Marmota_himalayana
Marmota_marmota,17.4,https://genomics.senescence.info/species/biblio.php?id=671
Marmota_monax,14.0,https://genomics.senescence.info/species/biblio.php?id=671
Marmota_vancouverensis,12.1,https://genomics.senescence.info/species/biblio.php?id=671
Mastacomys_fuscus,Unknown,https://animaldiversity.org/accounts/Mastacomys_fuscus
Mastomys_coucha,Unknown,https://animaldiversity.org/accounts/Mastomys_coucha
Meriones_unguiculatus,6.3,https://genomics.senescence.info/species/biblio.php?id=671
Mesocricetus_auratus,3.9,https://genomics.senescence.info/species/biblio.php?id=671
Microtus_agrestis,4.8,https://genomics.senescence.info/species/biblio.php?id=671
Microtus_arvalis,4.8,https://genomics.senescence.info/species/biblio.php?id=671
Microtus_fortis,Unknown,https://animaldiversity.org/accounts/Microtus_fortis
Microtus_ochrogaster,5.3,https://genomics.senescence.info/species/biblio.php?id=671
Microtus_oeconomus,2.0,https://animaldiversity.org/accounts/Microtus_oeconomus
Mus_caroli,Unknown,https://animaldiversity.org/accounts/Mus_caroli
Mus_musculus,1.5,https://animaldiversity.org/accounts/Mus_musculus
Mus_pahari,Unknown,https://animaldiversity.org/accounts/Mus_pahari
Mus_spicilegus,3.5,https://genomics.senescence.info/species/biblio.php?id=671
Mus_spretus,Unknown,https://animaldiversity.org/accounts/Mus_spretus
Muscardinus_avellanarius,5.3,https://genomics.senescence.info/species/biblio.php?id=671
Myocastor_coypus,19.0,https://genomics.senescence.info/species/biblio.php?id=1306
Myodes_glareolus,4.9,https://genomics.senescence.info/species/biblio.php?id=671
Nannospalax_galili,Unknown,
Neotoma_lepida,10.5,https://genomics.senescence.info/species/biblio.php?id=671
Octodon_degus,14.0,https://genomics.senescence.info/species/biblio.php?id=671
Ondatra_zibethicus,10.0,https://animaldiversity.org/accounts/Ondatra_zibethicus
Onychomys_torridus,4.6,https://genomics.senescence.info/species/biblio.php?id=671
Pachyuromys_duprasi,8.3,https://genomics.senescence.info/species/biblio.php?id=671
Pedetes_capensis,20.0,https://genomics.senescence.info/species/biblio.php?id=671
Perognathus_longimembris,8.3,https://genomics.senescence.info/species/biblio.php?id=434
Peromyscus_californicus,5.5,https://genomics.senescence.info/species/biblio.php?id=671
Peromyscus_crinitus,7.7,https://genomics.senescence.info/species/biblio.php?id=647
Peromyscus_eremicus,7.4,https://genomics.senescence.info/species/biblio.php?id=671
Peromyscus_leucopus,3.0,https://animaldiversity.org/accounts/Peromyscus_leucopus
Peromyscus_maniculatus,8.3,https://genomics.senescence.info/species/biblio.php?id=434
Peromyscus_nasutus,Unknown,https://animaldiversity.org/accounts/Peromyscus_nasutus
Peromyscus_polionotus,5.5,https://genomics.senescence.info/species/biblio.php?id=671
Petromus_typicus,Unknown,https://animaldiversity.org/accounts/Petromus_typicus
Psammomys_obesus,3.2,https://genomics.senescence.info/species/biblio.php?id=671
Pseudomys_desertor,Unknown,https://animaldiversity.org/accounts/Pseudomys_desertor
Rattus_norvegicus,4.0,https://animaldiversity.org/accounts/Rattus_norvegicus
Rattus_rattus,4.2,https://genomics.senescence.info/species/biblio.php?id=671
Rhizomys_pruinosus,Unknown,https://animaldiversity.org/accounts/Rhizomys_pruinosus
Rhombomys_opimus,4.5,https://genomics.senescence.info/species/biblio.php?id=671
Sciurus_carolinensis,23.6,https://genomics.senescence.info/species/biblio.php?id=671
Sciurus_vulgaris,14.8,https://genomics.senescence.info/species/biblio.php?id=671
Sigmodon_hispidus,5.2,https://genomics.senescence.info/species/biblio.php?id=671
Spermophilus_dauricus,Unknown,https://animaldiversity.org/accounts/Spermophilus_dauricus
Thryonomys_swinderianus,5.4,https://genomics.senescence.info/species/biblio.php?id=671
Urocitellus_parryii,Unknown,
Uromys_caudimaculatus,Unknown,https://animaldiversity.org/accounts/Uromys_caudimaculatus
Xerus_inauris,11.5,https://genomics.senescence.info/species/biblio.php?id=671
Zapus_hudsonius,5.6,https://genomics.senescence.info/species/biblio.php?id=671
Aepyceros_melampus,25.6,https://genomics.senescence.info/species/biblio.php?id=671
Alces_alces,22.0,https://animaldiversity.org/accounts/Alces_alces
Ammotragus_lervia,21.7,https://genomics.senescence.info/species/biblio.php?id=671
Antidorcas_marsupialis,19.8,https://genomics.senescence.info/species/biblio.php?id=671
Antilocapra_americana,17.0,https://genomics.senescence.info/species/biblio.php?id=1306
Axis_porcinus,22.9,https://genomics.senescence.info/species/biblio.php?id=671
Beatragus_hunteri,Unknown,https://animaldiversity.org/accounts/Beatragus_hunteri
Bison_bison,33.5,https://genomics.senescence.info/species/biblio.php?id=671
Bos_frontalis,26.2,https://genomics.senescence.info/species/biblio.php?id=671
Bos_gaurus,Unknown,
Bos_grunniens,26.3,https://genomics.senescence.info/species/biblio.php?id=671
Bos_indicus,Unknown,
Bos_mutus,Unknown,
Bos_taurus,20.0,https://genomics.senescence.info/species/biblio.php?id=434
Bubalus_bubalis,34.9,https://genomics.senescence.info/species/biblio.php?id=671
Capra_aegagrus,Unknown,
Capra_hircus,20.8,https://genomics.senescence.info/species/biblio.php?id=671
Capra_ibex,21.0,https://genomics.senescence.info/species/biblio.php?id=1306
Capra_sibirica,22.3,https://genomics.senescence.info/species/biblio.php?id=671
Capreolus_pygargus,17.0,https://animaldiversity.org/accounts/Capreolus_pygargus
Cephalophus_harveyi,Unknown,https://animaldiversity.org/accounts/Cephalophus_harveyi
Cervus_elaphus,31.5,https://genomics.senescence.info/species/biblio.php?id=671
Cervus_hanglu,Unknown,
Connochaetes_taurinus,24.3,https://genomics.senescence.info/species/biblio.php?id=671
Damaliscus_lunatus,35.0,https://genomics.senescence.info/species/biblio.php?id=1306
Elaphurus_davidianus,27.5,https://genomics.senescence.info/species/biblio.php?id=671
Eudorcas_thomsonii,20.0,https://genomics.senescence.info/species/biblio.php?id=671
Giraffa_camelopardalis,39.5,https://genomics.senescence.info/species/biblio.php?id=671
Giraffa_tippelskirchi,Unknown,
Hemitragus_hylocrius,17.3,https://genomics.senescence.info/species/biblio.php?id=671
Hippotragus_equinus,25.9,https://genomics.senescence.info/species/biblio.php?id=671
Hippotragus_niger,22.2,https://genomics.senescence.info/species/biblio.php?id=671
Hydropotes_inermis,13.9,https://genomics.senescence.info/species/biblio.php?id=671
Kobus_ellipsiprymnus,30.0,https://genomics.senescence.info/species/biblio.php?id=671
Kobus_leche,27.0,https://genomics.senescence.info/species/biblio.php?id=1306
Litocranius_walleri,17.3,https://genomics.senescence.info/species/biblio.php?id=671
Madoqua_kirkii,17.3,https://genomics.senescence.info/species/biblio.php?id=671
Moschus_berezovskii,Unknown,https://animaldiversity.org/accounts/Moschus_berezovskii
Moschus_chrysogaster,17.0,https://animaldiversity.org/accounts/Moschus_chrysogaster
Moschus_moschiferus,Unknown,https://animaldiversity.org/accounts/Moschus_moschiferus
Muntiacus_crinifrons,11.0,https://animaldiversity.org/accounts/Muntiacus_crinifrons
Muntiacus_muntjak,18.8,https://genomics.senescence.info/species/biblio.php?id=671
Muntiacus_reevesi,23.2,https://genomics.senescence.info/species/biblio.php?id=671
Nanger_granti,23.0,https://genomics.senescence.info/species/biblio.php?id=1306
Neotragus_moschatus,13.5,https://genomics.senescence.info/species/biblio.php?id=671
Neotragus_pygmaeus,11.1,https://genomics.senescence.info/species/biblio.php?id=671
Odocoileus_hemionus,22.0,https://genomics.senescence.info/species/biblio.php?id=671
Odocoileus_virginianus,23.0,https://genomics.senescence.info/species/biblio.php?id=956
Okapia_johnstoni,33.5,https://genomics.senescence.info/species/biblio.php?id=671
Oreamnos_americanus,20.8,https://genomics.senescence.info/species/biblio.php?id=671
Oreotragus_oreotragus,25.9,https://genomics.senescence.info/species/biblio.php?id=671
Oryx_dammah,27.5,https://genomics.senescence.info/species/biblio.php?id=671
Oryx_gazella,23.8,https://genomics.senescence.info/species/biblio.php?id=671
Ovis_ammon,16.8,https://genomics.senescence.info/species/biblio.php?id=671
Ovis_aries,22.8,https://genomics.senescence.info/species/biblio.php?id=671
Ovis_canadensis,20.6,https://genomics.senescence.info/species/biblio.php?id=671
Ovis_nivicola,Unknown,https://animaldiversity.org/accounts/Ovis_nivicola
Ovis_orientalis,Unknown,
Pantholops_hodgsonii,8.0,https://animaldiversity.org/accounts/Pantholops_hodgsonii
Philantomba_maxwellii,18.3,https://genomics.senescence.info/species/biblio.php?id=671
Procapra_przewalskii,Unknown,https://animaldiversity.org/accounts/Procapra_przewalskii
Przewalskium_albirostris,18.0,https://animaldiversity.org/accounts/Przewalskium_albirostris
Rangifer_tarandus,21.8,https://genomics.senescence.info/species/biblio.php?id=956
Raphicerus_campestris,9.3,https://genomics.senescence.info/species/biblio.php?id=671
Redunca_redunca,Unknown,https://animaldiversity.org/accounts/Redunca_redunca
Saiga_tatarica,Unknown,https://animaldiversity.org/accounts/Saiga_tatarica
Sylvicapra_grimmia,15.4,https://genomics.senescence.info/species/biblio.php?id=671
Syncerus_caffer,32.8,https://genomics.senescence.info/species/entry.php?species=Syncerus_caffer
Tragelaphus_imberbis,19.8,https://genomics.senescence.info/species/biblio.php?id=671
Tragelaphus_scriptus,15.3,https://genomics.senescence.info/species/biblio.php?id=671
Tragelaphus_strepsiceros,23.5,https://genomics.senescence.info/species/biblio.php?id=671
Tragulus_javanicus,14.0,https://genomics.senescence.info/species/biblio.php?id=671
Tragulus_kanchil,Unknown,https://animaldiversity.org/accounts/Tragulus_kanchil
Tupaia_belangeri,11.1,https://genomics.senescence.info/species/biblio.php?id=671
Tupaia_chinensis,Unknown,
Babyrousa_celebensis,Unknown,https://animaldiversity.org/accounts/Babyrousa_celebensis
Catagonus_wagneri,Unknown,https://animaldiversity.org/accounts/Catagonus_wagneri
Sus_scrofa,27.0,https://genomics.senescence.info/species/biblio.php?id=671
Camelus_bactrianus,35.4,https://genomics.senescence.info/species/biblio.php?id=671
Camelus_dromedarius,28.4,https://genomics.senescence.info/species/biblio.php?id=671
Camelus_ferus,Unknown,
Lama_glama,28.9,https://genomics.senescence.info/species/biblio.php?id=671
Lama_guanicoe,33.7,https://genomics.senescence.info/species/biblio.php?id=671
Vicugna_pacos,25.8,https://genomics.senescence.info/species/biblio.php?id=671
Vicugna_vicugna,31.6,https://genomics.senescence.info/species/biblio.php?id=671
Balaena_mysticetus,211.0,https://genomics.senescence.info/species/biblio.php?id=21
Balaenoptera_acutorostrata,50.0,https://genomics.senescence.info/species/biblio.php?id=542
Balaenoptera_bonaerensis,73.0,https://animaldiversity.org/accounts/Balaenoptera_bonaerensis
Balaenoptera_edeni,72.0,https://genomics.senescence.info/species/biblio.php?id=1
Balaenoptera_musculus,110.0,https://genomics.senescence.info/species/biblio.php?id=1
Balaenoptera_physalus,114.0,https://genomics.senescence.info/species/biblio.php?id=434
Cephalorhynchus_commersonii,23.0,https://animaldiversity.org/accounts/Cephalorhynchus_commersonii
Delphinapterus_leucas,40.0,https://genomics.senescence.info/species/biblio.php?id=671
Eschrichtius_robustus,77.0,https://genomics.senescence.info/species/biblio.php?id=573
Eubalaena_australis,70.0,https://genomics.senescence.info/species/biblio.php?id=434
Eubalaena_glacialis,67.0,https://genomics.senescence.info/species/biblio.php?id=642
Eubalaena_japonica,Unknown,https://animaldiversity.org/accounts/Eubalaena_japonica
Globicephala_melas,59.0,https://animaldiversity.org/accounts/Globicephala_melas
Grampus_griseus,42.5,https://genomics.senescence.info/species/biblio.php?id=671
Hippopotamus_amphibius,Unknown,https://animaldiversity.org/accounts/Hippopotamus_amphibius
Inia_geoffrensis,31.3,https://genomics.senescence.info/species/biblio.php?id=671
Kogia_breviceps,17.0,https://genomics.senescence.info/species/biblio.php?id=573
Lagenorhynchus_obliquidens,46.0,https://genomics.senescence.info/species/biblio.php?id=671
Lipotes_vexillifer,24.0,https://genomics.senescence.info/species/biblio.php?id=671
Megaptera_novaeangliae,95.0,https://genomics.senescence.info/species/biblio.php?id=573
Mesoplodon_bidens,Unknown,https://animaldiversity.org/accounts/Mesoplodon_bidens
Mesoplodon_densirostris,Unknown,https://animaldiversity.org/accounts/Mesoplodon_densirostris
Mesoplodon_europaeus,48.0,https://genomics.senescence.info/species/biblio.php?id=443
Mesoplodon_stejnegeri,Unknown,https://animaldiversity.org/accounts/Mesoplodon_stejnegeri
Monodon_monoceros,50.0,https://genomics.senescence.info/species/biblio.php?id=561
Neophocaena_asiaeorientalis,Unknown,
Orcinus_orca,90.0,https://animaldiversity.org/accounts/Orcinus_orca
Peponocephala_electra,47.0,https://genomics.senescence.info/species/biblio.php?id=1
Phocoena_phocoena,20.4,https://genomics.senescence.info/species/biblio.php?id=671
Phocoena_sinus,Unknown,https://animaldiversity.org/accounts/Phocoena_sinus
Physeter_catodon,Unknown,https://animaldiversity.org/accounts/Physeter_catodon
Platanista_minor,Unknown,https://animaldiversity.org/accounts/Platanista_minor
Pontoporia_blainvillei,21.0,https://animaldiversity.org/accounts/Pontoporia_blainvillei
Sousa_chinensis,31.0,https://animaldiversity.org/accounts/Sousa_chinensis
Steno_bredanensis,32.0,https://genomics.senescence.info/species/biblio.php?id=1
Tursiops_aduncus,49.0,https://animaldiversity.org/accounts/Tursiops_aduncus
Tursiops_truncatus,51.6,https://genomics.senescence.info/species/biblio.php?id=671
Ziphius_cavirostris,62.0,https://genomics.senescence.info/species/biblio.php?id=443
Choloepus_didactylus,36.8,https://genomics.senescence.info/species/biblio.php?id=671
Choloepus_hoffmanni,41.0,https://genomics.senescence.info/species/entry.php?species=Choloepus_hoffmanni
Dasypus_novemcinctus,22.3,https://genomics.senescence.info/species/biblio.php?id=671
Myrmecophaga_tridactyla,31.0,https://genomics.senescence.info/species/biblio.php?id=671
Tamandua_tetradactyla,19.0,https://genomics.senescence.info/species/biblio.php?id=671
Tolypeutes_matacus,36.8,https://genomics.senescence.info/species/entry.php?species=Tolypeutes_matacus
